<?xml version="1.0" encoding="UTF-8"?>
<project-private xmlns="http://www.netbeans.org/ns/project-private/1">
    <editor-bookmarks xmlns="http://www.netbeans.org/ns/editor-bookmarks/2" lastBookmarkId="0"/>
    <open-files xmlns="http://www.netbeans.org/ns/projectui-open-files/2">
        <group>
            <file>file:/C:/Users/Harikrishna/Documents/NetBeansProjects/CRS1/web/register_recruiter.jsp</file>
            <file>file:/C:/Users/Harikrishna/Documents/NetBeansProjects/CRS1/src/java/com/example/model/Job.java</file>
            <file>file:/C:/Users/Harikrishna/Documents/NetBeansProjects/CRS1/web/student_home.jsp</file>
            <file>file:/C:/Users/Harikrishna/Documents/NetBeansProjects/CRS1/web/register_student.jsp</file>
            <file>file:/C:/Users/Harikrishna/Documents/NetBeansProjects/CRS1/src/java/com/example/servlet/CandidateHomeServlet.java</file>
            <file>file:/C:/Users/Harikrishna/Documents/NetBeansProjects/CRS1/web/register_applicant.jsp</file>
        </group>
    </open-files>
</project-private>
